year,PGM_CODE,prog,ship,POWER,metier,TOR_CODE,week,quar,TRIPNR,duration_meas,duration_tot,SCIENTIFIC_NAME,ENGLISH_NAME,DUTCH_NAME,ICES_CODE,nodc,class_length,SSE_CATEGORY,GEAR_SUBTYPE,GEAR_COUNT,w_soort_meashauls,n_per_hour,n_total_trip,w_per_hour,w_total_trip,hpsegment2,gear
1999,DISBT,observer,GO28,2170,TBB_DEF_70-99,Boomkor12w,39,3,3,3365,4265,Scophthalmus maximus,Turbot,Tarbot,TUR,885703040200,16,d,NA,2,2.3670889458,0.5527488856,39.291233284,0.042206638,3.0001885153,Groot,non-pulse
1999,DISBT,observer,GO28,2170,TBB_DEF_70-99,Boomkor12w,39,3,3,3365,4265,Scophthalmus maximus,Turbot,Tarbot,TUR,885703040200,20,d,NA,2,2.2625744716,0.2674591382,19.011887073,0.0403430812,2.8677206898,Groot,non-pulse
1999,DISBT,observer,GO28,2170,TBB_DEF_70-99,Boomkor12w,39,3,3,3365,4265,Scophthalmus maximus,Turbot,Tarbot,TUR,885703040200,22,d,NA,2,3.0296975787,0.2674591382,19.011887073,0.0540213536,3.8400178821,Groot,non-pulse
1999,DISBT,observer,GO28,2170,TBB_DEF_70-99,Boomkor12w,39,3,3,3365,4265,Scophthalmus maximus,Turbot,Tarbot,TUR,885703040200,23,d,NA,2,5.0928490786,0.3922734027,27.88410104,0.0908086017,6.4549781041,Groot,non-pulse
1999,DISBT,observer,GO28,2170,TBB_DEF_70-99,Boomkor12w,39,3,3,3365,4265,Scophthalmus maximus,Turbot,Tarbot,TUR,885703040200,24,d,NA,2,3.9572258618,0.2674591382,19.011887073,0.0705597479,5.0156220804,Groot,non-pulse
1999,DISBT,observer,GO28,2170,TBB_DEF_70-99,Boomkor12w,39,3,3,3365,4265,Scophthalmus maximus,Turbot,Tarbot,TUR,885703040200,25,d,NA,2,7.7761262874,0.4635958395,32.953937593,0.138653069,9.8559223227,Groot,non-pulse
1999,DISBT,observer,GO28,2170,TBB_DEF_70-99,Boomkor12w,39,3,3,3365,4265,Scophthalmus maximus,Turbot,Tarbot,TUR,885703040200,26,d,NA,2,21.258106237,1.1233283804,79.849925706,0.3790449849,26.943781011,Groot,non-pulse
1999,DISBT,observer,UK47,1471,TBB_DEF_70-99,Boomkor12w,47,4,4,3485,4610,Scophthalmus maximus,Turbot,Tarbot,TUR,885703040200,17,d,NA,2,1.1019946025,0.2065997131,15.87374462,0.0189726474,1.457731741,Groot,non-pulse
1999,DISBT,observer,UK47,1471,TBB_DEF_70-99,Boomkor12w,47,4,4,3485,4610,Scophthalmus maximus,Turbot,Tarbot,TUR,885703040200,21,d,NA,2,2.1016770272,0.2065997131,15.87374462,0.0361838226,2.7801237002,Groot,non-pulse
1999,DISBT,observer,UK47,1471,TBB_DEF_70-99,Boomkor12w,47,4,4,3485,4610,Scophthalmus maximus,Turbot,Tarbot,TUR,885703040200,23,d,NA,2,5.5558353585,0.4131994261,31.74748924,0.0956528326,7.3493259692,Groot,non-pulse
2000,DISBT,observer,GO58,221,TBB_DEF_70-99,Boomkor04w,23,2,14,3690,4732,Scophthalmus maximus,Turbot,Tarbot,TUR,885703040200,15,d,NA,2,0.1255235721,0.0325203252,2.5647696477,0.0020410337,0.1609695239,Euro,non-pulse
2000,DISBT,observer,GO58,221,TBB_DEF_70-99,Boomkor04w,23,2,14,3690,4732,Scophthalmus maximus,Turbot,Tarbot,TUR,885703040200,18,d,NA,2,0.7652207201,0.1138211382,8.9766937669,0.0124426133,0.9813074384,Euro,non-pulse
2000,DISBT,observer,GO58,221,TBB_DEF_70-99,Boomkor04w,23,2,14,3690,4732,Scophthalmus maximus,Turbot,Tarbot,TUR,885703040200,20,d,NA,2,0.3016765962,0.0325203252,2.5647696477,0.0049053105,0.3868654887,Euro,non-pulse
2000,DISBT,observer,GO58,221,TBB_DEF_70-99,Boomkor04w,23,2,14,3690,4732,Scophthalmus maximus,Turbot,Tarbot,TUR,885703040200,22,d,NA,2,0.2019798386,0.0162601626,1.2823848238,0.003284225,0.2590158797,Euro,non-pulse
2000,DISBT,observer,GO58,221,TBB_DEF_70-99,Boomkor04w,23,2,14,3690,4732,Scophthalmus maximus,Turbot,Tarbot,TUR,885703040200,23,d,NA,2,0.4629862799,0.0325203252,2.5647696477,0.0075282322,0.593726579,Euro,non-pulse
2000,DISBT,observer,GO58,221,TBB_DEF_70-99,Boomkor04w,23,2,14,3690,4732,Scophthalmus maximus,Turbot,Tarbot,TUR,885703040200,25,d,NA,2,2.9908178029,0.162601626,12.823848238,0.0486311838,3.8353793613,Euro,non-pulse
2000,DISBT,observer,GO6,1471,TBB_DEF_70-99,Boomkor12w,10,1,6,4470,5365,Scophthalmus maximus,Turbot,Tarbot,TUR,885703040200,23,d,NA,2,1.3889588396,0.0805369128,7.2013422819,0.0186437428,1.6670613366,Groot,non-pulse
2000,DISBT,observer,HD225,1985,TBB_DEF_70-99,Boomkor12w,15,2,9,2640,4450,Scophthalmus maximus,Turbot,Tarbot,TUR,885703040200,26,d,NA,2,10.122907732,0.6818181818,50.568181818,0.2300660848,17.063234624,Groot,non-pulse
2000,DISBT,observer,HD7,1470,TBB_DEF_70-99,Boomkor12w,25,2,15,3065,4945,Scophthalmus maximus,Turbot,Tarbot,TUR,885703040200,22,d,NA,2,3.4336572558,0.3327895595,27.427406199,0.0672167815,5.5397830767,Groot,non-pulse
2000,DISBT,observer,HD7,1470,TBB_DEF_70-99,Boomkor12w,25,2,15,3065,4945,Scophthalmus maximus,Turbot,Tarbot,TUR,885703040200,23,d,NA,2,6.9447941981,0.5872756933,48.401305057,0.1359502943,11.204570085,Groot,non-pulse
2000,DISBT,observer,HD7,1470,TBB_DEF_70-99,Boomkor12w,25,2,15,3065,4945,Scophthalmus maximus,Turbot,Tarbot,TUR,885703040200,25,d,NA,2,5.0843902649,0.3327895595,27.427406199,0.0995312939,8.2030374746,Groot,non-pulse
2000,DISBT,observer,KW42,1471,TBB_DEF_70-99,Boomkor12w,27,3,16,3175,4370,Scophthalmus maximus,Turbot,Tarbot,TUR,885703040200,23,d,NA,2,7.407780478,0.6047244094,44.044094488,0.1399895523,10.195905729,Groot,non-pulse
2000,DISBT,observer,TX37,1471,TBB_DEF_70-99,Boomkor12w,13,1,8,2805,4545,Scophthalmus maximus,Turbot,Tarbot,TUR,885703040200,23,d,NA,2,3.0094108192,0.2780748663,21.064171123,0.0643724239,4.8762111134,Groot,non-pulse
2000,DISBT,observer,TX37,1471,TBB_DEF_70-99,Boomkor12w,13,1,8,2805,4545,Scophthalmus maximus,Turbot,Tarbot,TUR,885703040200,24,d,NA,2,3.1657806894,0.256684492,19.443850267,0.067717234,5.1295804754,Groot,non-pulse
2000,DISBT,observer,TX37,1471,TBB_DEF_70-99,Boomkor12w,13,1,8,2805,4545,Scophthalmus maximus,Turbot,Tarbot,TUR,885703040200,25,d,NA,2,4.187144924,0.2994652406,22.684491979,0.0895645973,6.7845182458,Groot,non-pulse
2000,DISBT,observer,TX41,221,TBB_DEF_70-99,Boomkor04w,19,2,12,2760,4200,Scophthalmus maximus,Turbot,Tarbot,TUR,885703040200,21,d,NA,2,5.954751577,0.7391304348,51.739130435,0.1294511212,9.0615784867,Euro,non-pulse
2000,DISBT,observer,TX41,221,TBB_DEF_70-99,Boomkor04w,19,2,12,2760,4200,Scophthalmus maximus,Turbot,Tarbot,TUR,885703040200,24,d,NA,2,13.45456793,1.1086956522,77.608695652,0.2924906072,20.474342502,Euro,non-pulse
2001,DISBT,observer,HD65,221,TBB_DEF_70-99,Boomkor04w,14,2,26,2055,4940,Scophthalmus maximus,Turbot,Tarbot,TUR,885703040200,17,d,NA,2,0.4591644177,0.1459854015,12.01946472,0.0134062604,1.1037821039,Euro,non-pulse
2001,DISBT,observer,HD65,221,TBB_DEF_70-99,Boomkor04w,14,2,26,2055,4940,Scophthalmus maximus,Turbot,Tarbot,TUR,885703040200,20,d,NA,2,1.5083829811,0.2919708029,24.03892944,0.044040379,3.6259912051,Euro,non-pulse
2001,DISBT,observer,HD65,221,TBB_DEF_70-99,Boomkor04w,14,2,26,2055,4940,Scophthalmus maximus,Turbot,Tarbot,TUR,885703040200,21,d,NA,2,7.8812888519,1.3138686131,108.17518248,0.2301106234,18.945774661,Euro,non-pulse
2001,DISBT,observer,HD65,221,TBB_DEF_70-99,Boomkor04w,14,2,26,2055,4940,Scophthalmus maximus,Turbot,Tarbot,TUR,885703040200,22,d,NA,2,16.158387086,2.3357664234,192.31143552,0.4717777251,38.843032704,Euro,non-pulse
2001,DISBT,observer,HD65,221,TBB_DEF_70-99,Boomkor04w,14,2,26,2055,4940,Scophthalmus maximus,Turbot,Tarbot,TUR,885703040200,23,d,NA,2,5.5558353585,0.700729927,57.693430657,0.1622141711,13.355633416,Euro,non-pulse
2001,DISBT,observer,HD65,221,TBB_DEF_70-99,Boomkor04w,14,2,26,2055,4940,Scophthalmus maximus,Turbot,Tarbot,TUR,885703040200,24,d,NA,2,7.1230065512,0.7883211679,64.905109489,0.2079709942,17.122945189,Euro,non-pulse
2001,DISBT,observer,HD65,221,TBB_DEF_70-99,Boomkor04w,14,2,26,2055,4940,Scophthalmus maximus,Turbot,Tarbot,TUR,885703040200,25,d,NA,2,2.3926542423,0.2335766423,19.231143552,0.069858518,5.7516846506,Euro,non-pulse
2001,DISBT,observer,TX38,1469,TBB_DEF_70-99,Boomkor12w,8,1,23,3040,4215,Scophthalmus maximus,Turbot,Tarbot,TUR,885703040200,20,d,NA,2,5.731855328,0.75,52.6875,0.1131287236,7.9472928314,Groot,non-pulse
2001,DISBT,observer,TX38,1469,TBB_DEF_70-99,Boomkor12w,8,1,23,3040,4215,Scophthalmus maximus,Turbot,Tarbot,TUR,885703040200,21,d,NA,2,8.5818478609,0.9671052632,67.939144737,0.1693785762,11.898844978,Groot,non-pulse
2001,DISBT,observer,TX38,1469,TBB_DEF_70-99,Boomkor12w,8,1,23,3040,4215,Scophthalmus maximus,Turbot,Tarbot,TUR,885703040200,23,d,NA,2,6.9447941981,0.5921052632,41.595394737,0.1370683065,9.6290485345,Groot,non-pulse
2001,DISBT,observer,TX38,1469,TBB_DEF_70-99,Boomkor12w,8,1,23,3040,4215,Scophthalmus maximus,Turbot,Tarbot,TUR,885703040200,25,d,NA,2,5.6825538254,0.375,26.34375,0.1121556676,7.8789356494,Groot,non-pulse
2003,DISBT,observer,GO22,1471,TBB_DEF_70-99,Boomkor12w,3,1,37,3255,3255,Scophthalmus maximus,Turbot,Tarbot,TUR,885703040200,24,d,12m,2,6.4370874019,0.4497695853,24.4,0.118655989,6.4370874019,Groot,non-pulse
2003,DISBT,observer,GO44,1471,TBB_DEF_70-99,Boomkor12w,23,2,45,4010,4010,Scophthalmus maximus,Turbot,Tarbot,TUR,885703040200,23,d,NA,2,2.0834382594,0.13466334160000001,9,0.0311736398,2.0834382594,Groot,non-pulse
2003,DISBT,observer,TX36,1471,TBB_DEF_70-99,Boomkor12w,33,3,48,4065,4065,Scophthalmus maximus,Turbot,Tarbot,TUR,885703040200,15,d,NA,2,0.3138089303,0.073800738,5,0.0046318661,0.3138089303,Groot,non-pulse
2004,DISBT,observer,OD1,1470,TBB_DEF_70-99,Boomkor12w,34,3,57,3775,3905,Scophthalmus maximus,Turbot,Tarbot,TUR,885703040200,22,d,NA,2,6.4633548345,0.5086092715,33.101986755,0.1027288186,6.6859339414,Groot,non-pulse
2004,DISBT,observer,TX43,1467,TBB_DEF_70-99,Boomkor12w,42,4,58,3405,4270,Scophthalmus maximus,Turbot,Tarbot,TUR,885703040200,20,d,NA,2,4.5251489432,0.5286343612,37.621145374,0.0797383074,5.6747095411,Groot,non-pulse
2004,DISBT,observer,TX43,1467,TBB_DEF_70-99,Boomkor12w,42,4,58,3405,4270,Scophthalmus maximus,Turbot,Tarbot,TUR,885703040200,22,d,NA,2,10.300971768,0.8986784141,63.955947137,0.181514921,12.917811879,Groot,non-pulse
2004,DISBT,observer,TX43,1467,TBB_DEF_70-99,Boomkor12w,42,4,58,3405,4270,Scophthalmus maximus,Turbot,Tarbot,TUR,885703040200,23,d,NA,2,11.111670717,0.845814978,60.193832599,0.1958003651,13.934459313,Groot,non-pulse
2004,DISBT,observer,WR244,221,TBB_DEF_70-99,Boomkor04w,32,3,56,3735,4595,Scophthalmus maximus,Turbot,Tarbot,TUR,885703040200,19,d,NA,2,1.5473009311,0.1927710843,14.763052209,0.0248562399,1.9035737024,Euro,non-pulse
2004,DISBT,observer,WR244,221,TBB_DEF_70-99,Boomkor04w,32,3,56,3735,4595,Scophthalmus maximus,Turbot,Tarbot,TUR,885703040200,20,d,NA,2,1.6592212792,0.1767068273,13.532797858,0.0266541571,2.0412641975,Euro,non-pulse
2004,DISBT,observer,WR244,221,TBB_DEF_70-99,Boomkor04w,32,3,56,3735,4595,Scophthalmus maximus,Turbot,Tarbot,TUR,885703040200,22,d,NA,2,4.4435564487,0.3534136546,27.065595716,0.0713824329,5.4667046538,Euro,non-pulse
2004,DISBT,observer,WR244,221,TBB_DEF_70-99,Boomkor04w,32,3,56,3735,4595,Scophthalmus maximus,Turbot,Tarbot,TUR,885703040200,24,d,NA,2,3.1657806894,0.1927710843,14.763052209,0.0508559147,3.8947154667,Euro,non-pulse
2005,DISBT,observer,UK153,1471,TBB_DEF_70-99,Boomkor12e,44,4,1401,3655,5030,Scophthalmus maximus,Turbot,Tarbot,TUR,885703040200,23,d,NA,2,5.0928490786,0.3611491108,30.276333789,0.0836035416,7.0087635747,Groot,pulse
2006,DISBT,observer,UK153,1471,TBB_DEF_70-99,Boomkor12e,5,1,1402,3895,5050,Scophthalmus maximus,Turbot,Tarbot,TUR,885703040200,21,d,NA,2,3.327655293,0.2926829268,24.634146341,0.0512604153,4.3144182875,Groot,pulse
2006,DISBT,observer,UK153,1471,TBB_DEF_70-99,Boomkor12e,5,1,1402,3895,5050,Scophthalmus maximus,Turbot,Tarbot,TUR,885703040200,24,d,NA,2,5.803931264,0.3388960205,28.523748395,0.0894058731,7.5249943217,Groot,pulse
2006,DISBT,observer,UK153,1471,TBB_DEF_70-99,Boomkor12e,9,1,1403,3770,3770,Scophthalmus maximus,Turbot,Tarbot,TUR,885703040200,23,d,NA,2,8.2180064677,0.5649867374,35.5,0.1307905539,8.2180064677,Groot,pulse
2006,DISBT,observer,UK153,1471,TBB_DEF_70-99,Boomkor12e,11,1,1404,2618,3606,Scophthalmus maximus,Turbot,Tarbot,TUR,885703040200,23,d,NA,2,2.5464245393,0.2521008403,15.151260504,0.0583596151,3.5074128681,Groot,pulse
2006,DISBT,observer,WR244,221,TBB_DEF_70-99,Boomkor04w,38,3,78,195,820,Scophthalmus maximus,Turbot,Tarbot,TUR,885703040200,21,d,m,1,2.627096284,4.6153846154,63.076923077,0.8083373181,11.047276681,Euro,non-pulse
2006,DISBT,observer,WR244,221,TBB_DEF_70-99,Boomkor04w,38,3,78,195,820,Scophthalmus maximus,Turbot,Tarbot,TUR,885703040200,22,d,m,1,3.0296975787,4.6153846154,63.076923077,0.9322146396,12.740266741,Euro,non-pulse
2006,DISBT,observer,WR244,221,TBB_DEF_70-99,Boomkor04w,38,3,78,195,820,Scophthalmus maximus,Turbot,Tarbot,TUR,885703040200,24,d,m,1,3.9572258618,4.6153846154,63.076923077,1.2176079575,16.640642086,Euro,non-pulse
2007,DISBT,observer,GO26,1471,TBB_DEF_70-99,Boomkor12w,17,2,83,3780,4830,Scophthalmus maximus,Turbot,Tarbot,TUR,885703040200,22,d,NA,2,0.2019798386,0.0158730159,1.2777777778,0.0032060292,0.2580853493,Groot,non-pulse
2008,DISBT,observer,TX19,1471,TBB_DEF_70-99,Boomkor12w,17,2,97,3245,5040,Scophthalmus maximus,Turbot,Tarbot,TUR,885703040200,21,d,NA,2,5.2541925679,0.5546995378,46.594761171,0.0971499396,8.1605949283,Groot,non-pulse
2008,DISBT,observer,TX38,1469,TBB_DEF_70-99,Boomkor12w,41,4,104,3235,4380,Scophthalmus maximus,Turbot,Tarbot,TUR,885703040200,18,d,NA,2,2.9515656347,0.5007727975,36.556414219,0.054743103,3.9962465162,Groot,non-pulse
2008,DISBT,observer,TX38,1469,TBB_DEF_70-99,Boomkor12w,41,4,104,3235,4380,Scophthalmus maximus,Turbot,Tarbot,TUR,885703040200,20,d,NA,2,4.0726340488,0.5007727975,36.556414219,0.0755357165,5.5141073057,Groot,non-pulse
2008,DISBT,observer,TX38,1469,TBB_DEF_70-99,Boomkor12w,41,4,104,3235,4380,Scophthalmus maximus,Turbot,Tarbot,TUR,885703040200,21,d,NA,2,13.13548142,1.3910355487,101.54559505,0.2436256214,17.784670361,Groot,non-pulse
2008,DISBT,observer,TX38,1469,TBB_DEF_70-99,Boomkor12w,41,4,104,3235,4380,Scophthalmus maximus,Turbot,Tarbot,TUR,885703040200,22,d,NA,2,9.4930524132,0.8717156105,63.635239567,0.1760689783,12.853035416,Groot,non-pulse
2008,DISBT,observer,TX38,1469,TBB_DEF_70-99,Boomkor12w,41,4,104,3235,4380,Scophthalmus maximus,Turbot,Tarbot,TUR,885703040200,23,d,NA,2,12.269136417,0.9829984544,71.758887172,0.2275573988,16.61169011,Groot,non-pulse
2009,DISBT,observer,TX29,1677,TBB_DEF_70-99,Boomkor12w,20,2,109,1670,4526,Scophthalmus maximus,Turbot,Tarbot,TUR,885703040200,23,d,sum,2,4.5141162288,0.7005988024,52.848502994,0.1621838166,12.234065899,Groot,non-pulse
2012,DISBT,observer,HD22,1470,TBB_DEF_70-99,Boomkor12e,5,1,703.1,4377,8192,Scophthalmus maximus,Turbot,Tarbot,TUR,885703040200,21,d,sum,2,3.327655293,0.2604523646,35.560429518,0.0456155626,6.2280448162,Groot,pulse
2012,DISBT,observer,HD22,1470,TBB_DEF_70-99,Boomkor12e,5,1,703.1,4377,8192,Scophthalmus maximus,Turbot,Tarbot,TUR,885703040200,22,d,NA,2,2.2217782244,0.1507882111,20.587617089,0.0304561785,4.1582835764,Groot,pulse
2012,DISBT,observer,HD22,1470,TBB_DEF_70-99,Boomkor12e,5,1,703.1,4377,8192,Scophthalmus maximus,Turbot,Tarbot,TUR,885703040200,23,d,sum,2,9.6069653074,0.5688827964,77.671464473,0.1316924648,17.980411194,Groot,pulse
2012,DISBT,observer,OD50,221,TBB_DEF_70-99,Boomkor04w,39,3,709.1,1845,4125,Scophthalmus maximus,Turbot,Tarbot,TUR,885703040200,20,d,sum,2,6.4860468185,1.3983739837,96.138211382,0.2109283518,14.501324188,Euro,non-pulse
2012,DISBT,observer,OD50,221,TBB_DEF_70-99,Boomkor04w,39,3,709.1,1845,4125,Scophthalmus maximus,Turbot,Tarbot,TUR,885703040200,21,d,sum,2,4.2909239305,0.7967479675,54.776422764,0.1395422416,9.5935291128,Euro,non-pulse
2012,DISBT,observer,OD50,221,TBB_DEF_70-99,Boomkor04w,39,3,709.1,1845,4125,Scophthalmus maximus,Turbot,Tarbot,TUR,885703040200,22,d,sum,2,1.0098991929,0.162601626,11.178861789,0.0328422502,2.2579046996,Euro,non-pulse
2012,DISBT,observer,OD50,221,TBB_DEF_70-99,Boomkor04w,39,3,709.1,1845,4125,Scophthalmus maximus,Turbot,Tarbot,TUR,885703040200,23,d,sum,2,1.1574656997,0.162601626,11.178861789,0.037641161,2.5878298164,Euro,non-pulse
2012,DISBT,observer,TH10,221,TBB_DEF_70-99,Boomkor04e,48,4,711.1,2195,4570,Scophthalmus maximus,Turbot,Tarbot,TUR,885703040200,19,d,NA,2,1.9341261639,0.410022779,31.230068337,0.0528690523,4.0268594848,Euro,pulse
2012,DISBT,observer,TH10,221,TBB_DEF_70-99,Boomkor04e,48,4,711.1,2195,4570,Scophthalmus maximus,Turbot,Tarbot,TUR,885703040200,22,d,NA,2,1.4138588701,0.1913439636,14.574031891,0.0386476229,2.9436606087,Euro,pulse
2012,DISBT,observer,TH10,221,TBB_DEF_70-99,Boomkor04e,48,4,711.1,2195,4570,Scophthalmus maximus,Turbot,Tarbot,TUR,885703040200,23,d,NA,2,3.2409039591,0.3826879271,29.148063781,0.0885896299,6.7475768078,Euro,pulse
2012,DISBT,observer,TX29,1677,TBB_DEF_70-99,Boomkor12w,11,1,705.1,1490,4080,Scophthalmus maximus,Turbot,Tarbot,TUR,885703040200,21,d,sum,2,7.3558695951,1.6912751678,115.00671141,0.2962095139,20.142246945,Groot,non-pulse
2012,DISBT,observer,TX29,1677,TBB_DEF_70-99,Boomkor12w,11,1,705.1,1490,4080,Scophthalmus maximus,Turbot,Tarbot,TUR,885703040200,25,d,sum,2,5.0843902649,0.68456375840000006,46.55033557,0.2047405476,13.922357235,Groot,non-pulse
2013,DISBT,observer,OD6,1324,TBB_DEF_70-99,Boomkor12w,10,1,770.1,2140,5115,Scophthalmus maximus,Turbot,Tarbot,TUR,885703040200,21,d,sum,2,4.5536335589,0.7289719626,62.144859813,0.1276719689,10.884035352,Groot,non-pulse
2013,DISBT,observer,OD6,1324,TBB_DEF_70-99,Boomkor12w,10,1,770.1,2140,5115,Scophthalmus maximus,Turbot,Tarbot,TUR,885703040200,24,d,sum,2,12.795030286,1.3598130841,115.92406542,0.3587391669,30.582513979,Groot,non-pulse
2013,DISBT,observer,OD6,1324,TBB_DEF_70-99,Boomkor12w,10,1,770.1,2140,5115,Scophthalmus maximus,Turbot,Tarbot,TUR,885703040200,25,d,sum,2,5.5330129353,0.5186915888,44.218457944,0.1551312038,13.224935123,Groot,non-pulse
2013,DISBT,observer,OD6,1324,TBB_DEF_70-99,Boomkor12w,10,1,770.1,2140,5115,Scophthalmus maximus,Turbot,Tarbot,TUR,885703040200,26,d,sum,2,6.2424597681,0.5186915888,44.218457944,0.1750222365,14.920645661,Groot,non-pulse
2013,DISBT,observer,WR244,221,TBB_DEF_70-99,Boomkor04w,22,2,765.1,1255,2671,Scophthalmus maximus,Turbot,Tarbot,TUR,885703040200,24,d,NA,2,5.803931264,1.0517928287,46.822310757,0.2774787855,12.352430602,Euro,non-pulse
2014,DISBT,observer,HD22,1470,TBB_DEF_70-99,Boomkor12e,49,4,1034.1,4295,7680,Scophthalmus maximus,Turbot,Tarbot,TUR,885703040200,20,d,sum,2,1.2067063848,0.111757858,14.305005821,0.0168573651,2.1577427324,Groot,pulse
2014,DISBT,observer,HD22,1470,TBB_DEF_70-99,Boomkor12e,49,4,1034.1,4295,7680,Scophthalmus maximus,Turbot,Tarbot,TUR,885703040200,21,d,sum,2,1.4886878942,0.1187427241,15.199068685,0.0207965713,2.661961124,Groot,pulse
2014,DISBT,observer,HD22,1470,TBB_DEF_70-99,Boomkor12e,49,4,1034.1,4295,7680,Scophthalmus maximus,Turbot,Tarbot,TUR,885703040200,22,d,sum,2,6.0593951574,0.4190919674,53.643771828,0.0846481279,10.834960375,Groot,pulse
2014,DISBT,observer,HD22,1470,TBB_DEF_70-99,Boomkor12e,49,4,1034.1,4295,7680,Scophthalmus maximus,Turbot,Tarbot,TUR,885703040200,23,d,sum,2,6.0188216383,0.3632130384,46.491268917,0.0840813267,10.762409821,Groot,pulse
2014,DISBT,observer,HD22,1470,TBB_DEF_70-99,Boomkor12e,49,4,1034.1,4295,7680,Scophthalmus maximus,Turbot,Tarbot,TUR,885703040200,24,d,sum,2,8.8378044247,0.4679860303,59.902211874,0.1234617615,15.803105467,Groot,pulse
2014,DISBT,observer,HD22,1470,TBB_DEF_70-99,Boomkor12e,49,4,1034.1,4295,7680,Scophthalmus maximus,Turbot,Tarbot,TUR,885703040200,25,d,sum,2,6.7293400564,0.3143189756,40.232828871,0.0940070788,12.032906085,Groot,pulse
2014,DISBT,observer,TH10,221,TBB_DEF_70-99,Boomkor04e,17,2,937.1,1925,3695,Scophthalmus maximus,Turbot,Tarbot,TUR,885703040200,23,d,del,2,7.8707667578,1.0597402597,65.262337662,0.2453226002,15.107783465,Euro,pulse
2014,DISBT,observer,TH7,221,TBB_DEF_70-99,Boomkor04e,43,4,1035.1,385,1500,Scophthalmus maximus,Turbot,Tarbot,TUR,885703040200,23,d,sum,2,3.588143669,2.4155844156,60.38961039,0.5591912211,13.979780529,Euro,pulse
2014,DISBT,observer,TX29,1677,TBB_DEF_70-99,Boomkor12w,5,1,905.1,1605,4570,Scophthalmus maximus,Turbot,Tarbot,TUR,885703040200,21,d,sum,2,3.9406444259,0.8411214953,64.065420561,0.1473138103,11.220401886,Groot,non-pulse
2014,DISBT,observer,TX29,1677,TBB_DEF_70-99,Boomkor12w,5,1,905.1,1605,4570,Scophthalmus maximus,Turbot,Tarbot,TUR,885703040200,24,d,sum,2,4.6167635054,0.6542056075,49.828660436,0.1725892899,13.145550916,Groot,non-pulse
2014,DISBT,observer,TX29,1677,TBB_DEF_70-99,Boomkor12w,5,1,905.1,1605,4570,Scophthalmus maximus,Turbot,Tarbot,TUR,885703040200,25,d,sum,2,9.2715351888,1.1588785047,88.267912773,0.3465994463,26.399324494,Groot,non-pulse
2014,DISBT,observer,TX29,1677,TBB_DEF_70-99,Boomkor12w,5,1,905.1,1605,4570,Scophthalmus maximus,Turbot,Tarbot,TUR,885703040200,26,d,sum,2,7.5921807991,0.8411214953,64.065420561,0.283819843,21.617611372,Groot,non-pulse
2015,DISBT,observer,OD50,221,TBB_DEF_70-99,Boomkor04e,24,2,1123.1,2395,4615,Scophthalmus maximus,Turbot,Tarbot,TUR,885703040200,13,d,sum,2,0.3255470576,0.2004175365,15.415448852,0.0081556674,0.6273067518,Euro,pulse
2015,DISBT,observer,OD50,221,TBB_DEF_70-99,Boomkor04e,24,2,1123.1,2395,4615,Scophthalmus maximus,Turbot,Tarbot,TUR,885703040200,14,d,sum,2,0.1782068932,0.0876826722,6.7442588727,0.0044644733,0.3433924059,Euro,pulse
2015,DISBT,observer,OD50,221,TBB_DEF_70-99,Boomkor04e,24,2,1123.1,2395,4615,Scophthalmus maximus,Turbot,Tarbot,TUR,885703040200,19,d,sum,2,0.8381213377,0.1628392484,12.525052192,0.0209967767,1.6150020766,Euro,pulse
2015,DISBT,observer,OD50,221,TBB_DEF_70-99,Boomkor04e,24,2,1123.1,2395,4615,Scophthalmus maximus,Turbot,Tarbot,TUR,885703040200,20,d,sum,2,1.5838021301,0.2630480167,20.232776618,0.0396777152,3.051877591,Euro,pulse
2015,DISBT,observer,OD50,221,TBB_DEF_70-99,Boomkor04e,24,2,1123.1,2395,4615,Scophthalmus maximus,Turbot,Tarbot,TUR,885703040200,21,d,sum,2,1.0508385136,0.1503131524,11.561586639,0.0263258083,2.0248934197,Euro,pulse
2015,DISBT,observer,OD50,221,TBB_DEF_70-99,Boomkor04e,24,2,1123.1,2395,4615,Scophthalmus maximus,Turbot,Tarbot,TUR,885703040200,25,d,sum,2,0.7477044507,0.0626304802,4.8173277662,0.0187316355,1.4407749645,Euro,pulse
2015,DISBT,observer,OD6,1324,TBB_DEF_70-99,Boomkor12e,11,1,1078,3985,4345,Scophthalmus maximus,Turbot,Tarbot,TUR,885703040200,23,d,sum,2,0.8102259898,0.0526976161,3.8161856964,0.0121991366,0.8834208094,Groot,pulse
2015,DISBT,observer,OD6,1324,TBB_DEF_70-99,Boomkor12e,11,1,1078,3985,4345,Scophthalmus maximus,Turbot,Tarbot,TUR,885703040200,24,d,sum,2,8.5739893672,0.4893350063,35.436010038,0.1290939428,9.348553024,Groot,pulse
2015,DISBT,observer,OD6,1324,TBB_DEF_70-99,Boomkor12e,11,1,1078,3985,4345,Scophthalmus maximus,Turbot,Tarbot,TUR,885703040200,25,d,sum,2,9.4709230424,0.4767879548,34.527394396,0.1425985903,10.326514584,Groot,pulse
2015,DISBT,observer,OD6,1324,TBB_DEF_70-99,Boomkor12e,11,1,1078,3985,4345,Scophthalmus maximus,Turbot,Tarbot,TUR,885703040200,26,d,sum,2,6.411174897,0.2860727729,20.716436637,0.0965296095,6.9903525539,Groot,pulse
2015,DISBT,observer,TH7,221,TBB_DEF_70-99,Boomkor04e,51,4,1234.1,1875,4250,Scophthalmus maximus,Turbot,Tarbot,TUR,885703040200,19,d,sum,2,2.3969939639,0.5948717949,42.136752137,0.0767038068,5.4331863181,Euro,pulse
2015,DISBT,observer,TH7,221,TBB_DEF_70-99,Boomkor04e,51,4,1234.1,1875,4250,Scophthalmus maximus,Turbot,Tarbot,TUR,885703040200,20,d,sum,2,5.7773503609,1.2256516672,86.816993092,0.1848752115,13.095327485,Euro,pulse
2015,DISBT,observer,TH7,221,TBB_DEF_70-99,Boomkor04e,51,4,1234.1,1875,4250,Scophthalmus maximus,Turbot,Tarbot,TUR,885703040200,21,d,sum,2,3.1128354406,0.56875,40.286458333,0.0996107341,7.0557603321,Euro,pulse
2015,DISBT,observer,TH7,221,TBB_DEF_70-99,Boomkor04e,51,4,1234.1,1875,4250,Scophthalmus maximus,Turbot,Tarbot,TUR,885703040200,23,d,sum,2,12.197311536,1.6860714286,119.43005952,0.3903139692,27.647239482,Euro,pulse
2015,DISBT,observer,TH7,221,TBB_DEF_70-99,Boomkor04e,51,4,1234.1,1875,4250,Scophthalmus maximus,Turbot,Tarbot,TUR,885703040200,24,d,sum,2,4.9042542732,0.5948717949,42.136752137,0.1569361367,11.116309686,Euro,pulse
2015,DISBT,observer,TH7,221,TBB_DEF_70-99,Boomkor04e,51,4,1234.1,1875,4250,Scophthalmus maximus,Turbot,Tarbot,TUR,885703040200,25,d,sum,2,7.363325199,0.7878326996,55.804816223,0.2356264064,16.690203784,Euro,pulse
2015,DISBT,observer,TX29,1677,TBB_DEF_70-99,Boomkor12w,6,1,1067.1,2510,4220,Scophthalmus maximus,Turbot,Tarbot,TUR,885703040200,25,d,sum,2,8.2247489579,0.6573705179,46.235059761,0.1966075448,13.828063985,Groot,non-pulse
2015,DISBT,observer,UK158,221,TBB_DEF_70-99,Boomkor08e,50,4,1233.1,1495,3295,Scophthalmus maximus,Turbot,Tarbot,TUR,885703040200,19,d,sum,2,1.1604756984,0.3612040134,19.836120401,0.0465742755,2.5577039639,Euro,pulse
2015,DISBT,observer,UK158,221,TBB_DEF_70-99,Boomkor08e,50,4,1233.1,1495,3295,Scophthalmus maximus,Turbot,Tarbot,TUR,885703040200,23,d,sum,2,1.5047054096,0.2608695652,14.326086957,0.0603895148,3.3163908526,Euro,pulse
2015,DISBT,observer,UK33,1750,TBB_DEF_70-99,Boomkor12e,19,2,1111.1,2880,4155,Scophthalmus maximus,Turbot,Tarbot,TUR,885703040200,16,d,NA,2,0.0763577079,0.0208333333,1.4427083333,0.0015907856,0.1101619015,Groot,pulse
2015,DISBT,observer,UK33,1750,TBB_DEF_70-99,Boomkor12e,19,2,1111.1,2880,4155,Scophthalmus maximus,Turbot,Tarbot,TUR,885703040200,18,d,NA,2,0.4372689829,0.0833333333,5.7708333333,0.0091097705,0.6308516056,Groot,pulse
2015,DISBT,observer,UK33,1750,TBB_DEF_70-99,Boomkor12e,19,2,1111.1,2880,4155,Scophthalmus maximus,Turbot,Tarbot,TUR,885703040200,19,d,NA,2,1.9341261639,0.3125,21.640625,0.0402942951,2.7903799344,Groot,pulse
2015,DISBT,observer,UK33,1750,TBB_DEF_70-99,Boomkor12e,19,2,1111.1,2880,4155,Scophthalmus maximus,Turbot,Tarbot,TUR,885703040200,27,d,NA,2,1.7054917804,0.09375,6.4921875,0.0355310788,2.460527204,Groot,pulse
2015,DISBT,observer,UK45,2133,TBB_DEF_70-99,Boomkor12e,15,2,1096,1550,4045,Scophthalmus maximus,Turbot,Tarbot,TUR,885703040200,18,d,sum,2,0.5465862286,0.1935483871,13.048387097,0.0211581766,1.4264137386,Groot,pulse
2015,DISBT,observer,UK45,2133,TBB_DEF_70-99,Boomkor12e,15,2,1096,1550,4045,Scophthalmus maximus,Turbot,Tarbot,TUR,885703040200,19,d,sum,2,2.1920096525,0.6580645161,44.364516129,0.0848519865,5.720438093,Groot,pulse
2016,DISBT,observer,GO31,1471,TBB_DEF_70-99,Boomkor12e,11,1,1267.1,3190,4520,Scophthalmus maximus,Turbot,Tarbot,TUR,885703040200,20,d,sum,2,2.0363170244,0.2539184953,19.128526646,0.0383006337,2.8853144045,Groot,pulse
2016,DISBT,observer,GO31,1471,TBB_DEF_70-99,Boomkor12e,11,1,1267.1,3190,4520,Scophthalmus maximus,Turbot,Tarbot,TUR,885703040200,21,d,sum,2,8.6694177371,0.9310344828,70.137931034,0.1630611487,12.283939866,Groot,pulse
2016,DISBT,observer,GO31,1471,TBB_DEF_70-99,Boomkor12e,11,1,1267.1,3190,4520,Scophthalmus maximus,Turbot,Tarbot,TUR,885703040200,22,d,sum,2,4.3425665295,0.4043887147,30.463949843,0.0816783673,6.1531036718,Groot,pulse
2016,DISBT,observer,GO31,1471,TBB_DEF_70-99,Boomkor12e,11,1,1267.1,3190,4520,Scophthalmus maximus,Turbot,Tarbot,TUR,885703040200,23,d,sum,2,12.732122697,1.0344827586,77.931034483,0.239475662,18.040499871,Groot,pulse
2016,DISBT,observer,GO31,1471,TBB_DEF_70-99,Boomkor12e,11,1,1267.1,3190,4520,Scophthalmus maximus,Turbot,Tarbot,TUR,885703040200,24,d,sum,2,13.45456793,0.9592476489,72.263322884,0.2530639736,19.064152678,Groot,pulse
2016,DISBT,observer,GO31,1471,TBB_DEF_70-99,Boomkor12e,11,1,1267.1,3190,4520,Scophthalmus maximus,Turbot,Tarbot,TUR,885703040200,25,d,sum,2,27.216442006,1.7115987461,128.94043887,0.5119080001,38.563736008,Groot,pulse
2016,DISBT,observer,GO31,1471,TBB_DEF_70-99,Boomkor12e,11,1,1267.1,3190,4520,Scophthalmus maximus,Turbot,Tarbot,TUR,885703040200,26,d,sum,2,12.653634665,0.7053291536,53.134796238,0.2379993981,17.929287989,Groot,pulse
2016,DISBT,observer,GO48,1467,TBB_DEF_70-99,Boomkor12e,6,1,1241.1,2240,3620,Scophthalmus maximus,Turbot,Tarbot,TUR,885703040200,23,d,NA,2,4.5783317916,0.5297517123,31.961686644,0.1226338873,7.3989111988,Groot,pulse
2016,DISBT,observer,GO48,1467,TBB_DEF_70-99,Boomkor12e,6,1,1241.1,2240,3620,Scophthalmus maximus,Turbot,Tarbot,TUR,885703040200,24,d,NA,2,10.104614465,1.0259433962,61.898584906,0.270659316,16.329778733,Groot,pulse
2016,DISBT,observer,GO48,1467,TBB_DEF_70-99,Boomkor12e,6,1,1241.1,2240,3620,Scophthalmus maximus,Turbot,Tarbot,TUR,885703040200,26,d,NA,2,20.054817205,1.5919811321,96.049528302,0.5371826037,32.41001709,Groot,pulse
2016,DISBT,observer,TH10,221,TBB_DEF_70-99,Boomkor04e,8,1,1254.1,2735,4470,Scophthalmus maximus,Turbot,Tarbot,TUR,885703040200,19,d,NA,2,0.967063082,0.1645338208,12.257769653,0.0212152778,1.5805381998,Euro,pulse
2016,DISBT,observer,TH10,221,TBB_DEF_70-99,Boomkor04e,8,1,1254.1,2735,4470,Scophthalmus maximus,Turbot,Tarbot,TUR,885703040200,20,d,NA,2,1.8100595773000001,0.2632541133,19.612431444,0.0397088024,2.9583057808,Euro,pulse
2016,DISBT,observer,TH10,221,TBB_DEF_70-99,Boomkor04e,8,1,1254.1,2735,4470,Scophthalmus maximus,Turbot,Tarbot,TUR,885703040200,21,d,NA,2,5.6920419486,0.7129798903,53.117001828,0.12487112140000001,9.3028985412,Euro,pulse
2016,DISBT,observer,TH10,221,TBB_DEF_70-99,Boomkor04e,8,1,1254.1,2735,4470,Scophthalmus maximus,Turbot,Tarbot,TUR,885703040200,22,d,NA,2,9.1900826554,0.9981718464,74.363802559,0.2016105884,15.019988837,Euro,pulse
2016,DISBT,observer,TH10,221,TBB_DEF_70-99,Boomkor04e,8,1,1254.1,2735,4470,Scophthalmus maximus,Turbot,Tarbot,TUR,885703040200,23,d,NA,2,20.834382594,1.9744058501,147.09323583,0.4570614097,34.051075026,Euro,pulse
2016,DISBT,observer,TH10,221,TBB_DEF_70-99,Boomkor04e,8,1,1254.1,2735,4470,Scophthalmus maximus,Turbot,Tarbot,TUR,885703040200,24,d,NA,2,21.237112125,1.7659963437,131.56672761,0.4658964269,34.709283802,Euro,pulse
2016,DISBT,observer,TH10,221,TBB_DEF_70-99,Boomkor04e,8,1,1254.1,2735,4470,Scophthalmus maximus,Turbot,Tarbot,TUR,885703040200,28,d,NA,2,4.4512011728,0.2303473492,17.160877514,0.0976497515,7.2749064872,Euro,pulse
2016,DISBT,observer,TX29,1677,TBB_DEF_70-99,Boomkor12w,19,2,1294.1,1665,4550,Scophthalmus maximus,Turbot,Tarbot,TUR,885703040200,27,d,sum,2,3.0319853873,0.2882882883,21.861861862,0.1092607347,8.2856057131,Groot,non-pulse
2016,DISBT,observer,UK284,1471,TBB_DEF_70-99,Boomkor12w,49,4,1393.1,2257,5482,Scophthalmus maximus,Turbot,Tarbot,TUR,885703040200,25,d,see,2,7.327503617,0.6513070447,59.507753655,0.1947940705,17.797684904,Groot,non-pulse
2016,DISBT,observer,UK284,1471,TBB_DEF_70-99,Boomkor12w,49,4,1393.1,2257,5482,Scophthalmus maximus,Turbot,Tarbot,TUR,885703040200,28,d,see,2,11.657907834,0.7310589278,66.794417368,0.3099133673,28.315751326,Groot,non-pulse
2016,DISBT,observer,UK284,1471,TBB_DEF_70-99,Boomkor12w,49,4,1393.1,2257,5482,Scophthalmus maximus,Turbot,Tarbot,TUR,885703040200,29,d,see,2,12.281011157,0.6911829863,63.151085512,0.3264779218,29.829199452,Groot,non-pulse
2016,DISBT,observer,UK284,1471,TBB_DEF_70-99,Boomkor12w,49,4,1393.1,2257,5482,Scophthalmus maximus,Turbot,Tarbot,TUR,885703040200,30,d,see,2,13.634553593,0.6911829863,63.151085512,0.3624604411,33.116802303,Groot,non-pulse
2016,DISBT,observer,UK284,1471,TBB_DEF_70-99,Boomkor12w,49,4,1393.1,2257,5482,Scophthalmus maximus,Turbot,Tarbot,TUR,885703040200,31,d,see,2,15.086299562,0.6911829863,63.151085512,0.4010535993,36.642930526,Groot,non-pulse
2016,DISBT,observer,UK284,1471,TBB_DEF_70-99,Boomkor12w,49,4,1393.1,2257,5482,Scophthalmus maximus,Turbot,Tarbot,TUR,885703040200,32,d,see,2,17.599910856,0.7310589278,66.794417368,0.467875344,42.748210594,Groot,non-pulse
2016,DISBT,observer,UK284,1471,TBB_DEF_70-99,Boomkor12w,49,4,1393.1,2257,5482,Scophthalmus maximus,Turbot,Tarbot,TUR,885703040200,36,d,see,2,23.946963265,0.6911829863,63.151085512,0.6366051378,58.16448942,Groot,non-pulse
2016,DISBT,observer,UK33,1750,TBB_DEF_70-99,Boomkor12e,41,4,1363.1,2485,4675,Scophthalmus maximus,Turbot,Tarbot,TUR,885703040200,29,d,sum,2,31.844554577,1.6277933052,126.83222837,0.7688826055,59.908769678,Groot,pulse
2016,DISBT,observer,UK33,1750,TBB_DEF_70-99,Boomkor12e,41,4,1363.1,2485,4675,Scophthalmus maximus,Turbot,Tarbot,TUR,885703040200,30,d,sum,2,30.619247412,1.409781457,109.84547186,0.7392977242,57.603614346,Groot,pulse
2016,DISBT,observer,UK33,1750,TBB_DEF_70-99,Boomkor12e,41,4,1363.1,2485,4675,Scophthalmus maximus,Turbot,Tarbot,TUR,885703040200,31,d,sum,2,9.8465358444,0.409731114,31.924882629,0.2377433202,18.524167031,Groot,pulse
2016,DISBT,observer,UK45,2133,TBB_DEF_70-99,Boomkor12e,25,2,1313.1,4130,4350,Scophthalmus maximus,Turbot,Tarbot,TUR,885703040200,20,d,sum,2,13.060588552,1.2579179754,91.199053216,0.1897422066,13.756309976,Groot,pulse
2016,DISBT,observer,UK45,2133,TBB_DEF_70-99,Boomkor12e,25,2,1313.1,4130,4350,Scophthalmus maximus,Turbot,Tarbot,TUR,885703040200,21,d,sum,2,5.00568346,0.4152215169,30.103559976,0.0727217936,5.2723300365,Groot,pulse
2016,DISBT,observer,UK45,2133,TBB_DEF_70-99,Boomkor12e,25,2,1313.1,4130,4350,Scophthalmus maximus,Turbot,Tarbot,TUR,885703040200,22,d,sum,2,32.009644931,2.3023642582,166.92140872,0.4650311612,33.714759189,Groot,pulse
2016,DISBT,observer,UK45,2133,TBB_DEF_70-99,Boomkor12e,25,2,1313.1,4130,4350,Scophthalmus maximus,Turbot,Tarbot,TUR,885703040200,23,d,sum,2,41.329624136,2.5937285875,188.04532259,0.6004303749,43.531202177,Groot,pulse
2016,DISBT,observer,UK45,2133,TBB_DEF_70-99,Boomkor12e,25,2,1313.1,4130,4350,Scophthalmus maximus,Turbot,Tarbot,TUR,885703040200,24,d,sum,2,68.824892341,3.7900693775,274.78002987,0.9998773706,72.491109367,Groot,pulse
2016,DISBT,observer,UK45,2133,TBB_DEF_70-99,Boomkor12e,25,2,1313.1,4130,4350,Scophthalmus maximus,Turbot,Tarbot,TUR,885703040200,25,d,sum,2,18.529390071,0.9000618737,65.254485847,0.2691921076,19.516427799,Groot,pulse
2016,DISBT,observer,UK45,2133,TBB_DEF_70-99,Boomkor12e,25,2,1313.1,4130,4350,Scophthalmus maximus,Turbot,Tarbot,TUR,885703040200,26,d,sum,2,71.851734058,3.0935306898,224.28097501,1.043850858,75.679187204,Groot,pulse
2016,DISBT,observer,UK45,2133,TBB_DEF_70-99,Boomkor12e,25,2,1313.1,4130,4350,Scophthalmus maximus,Turbot,Tarbot,TUR,885703040200,27,d,sum,2,90.355213541,3.4635167994,251.10496795,1.3126665406,95.16832419,Groot,pulse
2016,DISBT,observer,UK45,2133,TBB_DEF_70-99,Boomkor12e,25,2,1313.1,4130,4350,Scophthalmus maximus,Turbot,Tarbot,TUR,885703040200,28,d,sum,2,72.8749222,2.4974188145,181.06286405,1.0587155768,76.756879315,Groot,pulse
2016,DISBT,observer,UK45,2133,TBB_DEF_70-99,Boomkor12e,25,2,1313.1,4130,4350,Scophthalmus maximus,Turbot,Tarbot,TUR,885703040200,29,d,sum,2,83.475315147,2.5674292703,186.1386221,1.2127164428,87.921942104,Groot,pulse
2016,DISBT,observer,UK45,2133,TBB_DEF_70-99,Boomkor12e,25,2,1313.1,4130,4350,Scophthalmus maximus,Turbot,Tarbot,TUR,885703040200,30,d,sum,2,77.57107972,2.1489853747,155.80143967,1.1269406255,81.703195347,Groot,pulse
2016,DISBT,observer,UK64,1471,TBB_DEF_70-99,Boomkor12w,47,4,1385.1,2885,5215,Scophthalmus maximus,Turbot,Tarbot,TUR,885703040200,27,d,sum,2,12.761372063,0.700270267,60.865157373,0.2654011521,23.067783469,Groot,non-pulse
2016,DISBT,observer,UK64,1471,TBB_DEF_70-99,Boomkor12w,47,4,1385.1,2885,5215,Scophthalmus maximus,Turbot,Tarbot,TUR,885703040200,28,d,sum,2,21.729913228,1.066044911,92.657070184,0.4519219389,39.279548521,Groot,non-pulse
2016,DISBT,observer,UK64,1471,TBB_DEF_70-99,Boomkor12w,47,4,1385.1,2885,5215,Scophthalmus maximus,Turbot,Tarbot,TUR,885703040200,29,d,sum,2,24.212010098,1.066044911,92.657070184,0.503542671,43.766250489,Groot,non-pulse
2016,DISBT,observer,UK64,1471,TBB_DEF_70-99,Boomkor12w,47,4,1385.1,2885,5215,Scophthalmus maximus,Turbot,Tarbot,TUR,885703040200,30,d,sum,2,24.167460858,0.9584487193,83.305167852,0.5026161704,43.685722141,Groot,non-pulse
2016,DISBT,observer,UK64,1471,TBB_DEF_70-99,Boomkor12w,47,4,1385.1,2885,5215,Scophthalmus maximus,Turbot,Tarbot,TUR,885703040200,32,d,sum,2,130.75179636,4.2488883869,369.29921563,2.7192747943,236.35030087,Groot,non-pulse
2016,DISBT,observer,UK64,1471,TBB_DEF_70-99,Boomkor12w,47,4,1385.1,2885,5215,Scophthalmus maximus,Turbot,Tarbot,TUR,885703040200,36,d,sum,2,35.342119309,0.7980331305,69.36237959,0.7350180792,63.885321386,Groot,non-pulse
2016,DISBT,observer,UK64,1471,TBB_DEF_70-99,Boomkor12w,47,4,1385.1,2885,5215,Scophthalmus maximus,Turbot,Tarbot,TUR,885703040200,37,d,sum,2,86.267498041,1.7896181735,155.54764625,1.7941247426,155.93934221,Groot,non-pulse
2016,DISBT,observer,UK64,1471,TBB_DEF_70-99,Boomkor12w,47,4,1385.1,2885,5215,Scophthalmus maximus,Turbot,Tarbot,TUR,885703040200,38,d,sum,2,93.690039845,1.7896181735,155.54764625,1.9484930297,169.35651917,Groot,non-pulse
2016,DISBT,observer,UK64,1471,TBB_DEF_70-99,Boomkor12w,47,4,1385.1,2885,5215,Scophthalmus maximus,Turbot,Tarbot,TUR,885703040200,39,d,sum,2,47.157372772,0.8311694542,72.242478396,0.980742588,85.242876604,Groot,non-pulse
